{"accuracy": [0.8356990218162537, 0.858134925365448, 0.8778998851776123, 0.8917887806892395, 0.9021672606468201, 0.9134615659713745, 0.9240689873695374, 0.9218559265136719, 0.9376526474952698, 0.93482905626297], "loss": [0.4983433783054352, 0.425354927778244, 0.3594140410423279, 0.3283126950263977, 0.2969193756580353, 0.2564859688282013, 0.23188094794750214, 0.2345457226037979, 0.19830231368541718, 0.19399602711200714], "val_accuracy": [0.8299999833106995, 0.8266666531562805, 0.8966666460037231, 0.8733333349227905, 0.8966666460037231, 0.9066666960716248, 0.9066666960716248, 0.9166666865348816, 0.8633333444595337, 0.8966666460037231], "val_loss": [1.338171124458313, 1.6928786039352417, 1.407593846321106, 1.608606219291687, 1.4391428232192993, 1.6679565906524658, 1.6430585384368896, 1.6632355451583862, 1.7183057069778442, 1.736403226852417]}