{"accuracy": [0.8498089909553528, 0.855003833770752, 0.8592054843902588, 0.8633307814598083, 0.8665393590927124, 0.8691367506980896, 0.869442343711853, 0.8758594393730164, 0.8768525719642639, 0.8799083232879639], "loss": [0.42584213614463806, 0.4161531627178192, 0.41108208894729614, 0.3912770450115204, 0.38166454434394836, 0.37542685866355896, 0.37217819690704346, 0.3526625335216522, 0.34849897027015686, 0.33788034319877625], "val_accuracy": [0.8633333444595337, 0.8133333325386047, 0.7200000286102295, 0.7633333206176758, 0.7900000214576721, 0.846666693687439, 0.8633333444595337, 0.8399999737739563, 0.8600000143051147, 0.8133333325386047], "val_loss": [2.057870626449585, 2.0966804027557373, 2.2182726860046387, 2.3840270042419434, 2.281980037689209, 2.155254364013672, 1.9911389350891113, 1.9341548681259155, 1.953386664390564, 2.0856029987335205]}